# XS9922B table pre-1080p from stock libais_xs9922b.so (data rec 71, 347 writes)
# reg	val	delay(ms)
0x4200	0x3f	2
0x4210	0x3f	2
0x4220	0x3f	2
0x4230	0x3f	2
0x0e08	0x00	2
0x1e08	0x00	2
0x2e08	0x00	2
0x3e08	0x00	2
0x4f00	0x01	2
0x4030	0x3f	2
0x0e02	0x00	2
0x1e02	0x00	2
0x2e02	0x00	2
0x3e02	0x00	2
0x0803	0x00	2
0x1803	0x00	2
0x2803	0x00	2
0x3803	0x00	2
0x4020	0x00	2
0x080e	0x00	2
0x080e	0x20	2
0x080e	0x28	2
0x180e	0x00	2
0x180e	0x20	2
0x180e	0x28	2
0x280e	0x00	2
0x280e	0x20	2
0x280e	0x28	2
0x380e	0x00	2
0x380e	0x20	2
0x380e	0x28	2
0x4020	0x03	2
0x0803	0x0f	2
0x1803	0x0f	2
0x2803	0x0f	2
0x3803	0x0f	2
0x4340	0x65	2
0x4204	0x02	2
0x4214	0x02	2
0x4224	0x02	2
0x4234	0x02	2
0x4080	0x07	2
0x4119	0x01	2
0x0501	0x84	2
0x010e	0x80	2
0x010f	0x80	2
0x0110	0x80	2
0x0111	0x40	2
0x1501	0x81	2
0x110e	0x80	2
0x110f	0x80	2
0x1110	0x80	2
0x1111	0x40	2
0x2501	0x8e	2
0x210e	0x80	2
0x210f	0x80	2
0x2110	0x80	2
0x2111	0x40	2
0x3501	0x8b	2
0x310e	0x80	2
0x310f	0x80	2
0x3110	0x80	2
0x3111	0x40	2
0x4141	0x22	2
0x4140	0x22	2
0x413f	0x22	2
0x413e	0x22	2
0x030c	0x03	2
0x0300	0x3f	2
0x0333	0x09	2
0x0305	0xe0	2
0x011c	0x32	2
0x0105	0xe1	2
0x01bf	0x4e	2
0x0b7c	0x02	2
0x0b55	0x80	2
0x0b56	0x00	2
0x0b59	0x04	2
0x0b5a	0x01	2
0x0b5c	0x07	2
0x0b5e	0x05	2
0x0b31	0x18	2
0x0b36	0x40	2
0x0b37	0x1f	2
0x0b4b	0x10	2
0x0b4e	0x05	2
0x0b51	0x21	2
0x0b15	0x03	2
0x0b16	0x03	2
0x0b17	0x03	2
0x0b07	0x03	2
0x0b08	0x05	2
0x0b1a	0x10	2
0x0b1e	0xb8	2
0x0b1f	0x08	2
0x0b5f	0x64	2
0x130c	0x03	2
0x1300	0x3f	2
0x1333	0x09	2
0x111c	0x32	2
0x11bf	0x4e	2
0x1b7c	0x02	2
0x1b55	0x80	2
0x1b56	0x00	2
0x1b59	0x04	2
0x1b5a	0x01	2
0x1b5c	0x07	2
0x1b5e	0x05	2
0x1b31	0x18	2
0x1b36	0x40	2
0x1b37	0x1f	2
0x1b4b	0x10	2
0x1b4e	0x05	2
0x1b51	0x21	2
0x1b15	0x03	2
0x1b16	0x03	2
0x1b17	0x03	2
0x1b07	0x03	2
0x1b08	0x05	2
0x1b1a	0x10	2
0x1b1e	0xb8	2
0x1b1f	0x08	2
0x1b5f	0x64	2
0x1105	0xe1	2
0x230c	0x03	2
0x2300	0x3f	2
0x2333	0x09	2
0x211c	0x32	2
0x21bf	0x4e	2
0x2b7c	0x02	2
0x2b55	0x80	2
0x2b56	0x00	2
0x2b59	0x04	2
0x2b5a	0x01	2
0x2b5c	0x07	2
0x2b5e	0x05	2
0x2b31	0x18	2
0x2b36	0x40	2
0x2b37	0x1f	2
0x2b4b	0x10	2
0x2b4e	0x05	2
0x2b51	0x21	2
0x2b15	0x03	2
0x2b16	0x03	2
0x2b17	0x03	2
0x2b07	0x03	2
0x2b08	0x05	2
0x2b1a	0x10	2
0x2b1e	0xb8	2
0x2b1f	0x08	2
0x2b5f	0x64	2
0x2105	0xe1	2
0x330c	0x03	2
0x3300	0x3f	2
0x3333	0x09	2
0x311c	0x32	2
0x31bf	0x4e	2
0x3b7c	0x02	2
0x3b55	0x80	2
0x3b56	0x00	2
0x3b59	0x04	2
0x3b5a	0x01	2
0x3b5c	0x07	2
0x3b5e	0x05	2
0x3b31	0x18	2
0x3b36	0x40	2
0x3b37	0x1f	2
0x3b4b	0x10	2
0x3b4e	0x05	2
0x3b51	0x21	2
0x3b15	0x03	2
0x3b16	0x03	2
0x3b17	0x03	2
0x3b07	0x03	2
0x3b08	0x05	2
0x3b1a	0x10	2
0x3b1e	0xb8	2
0x3b1f	0x08	2
0x3b5f	0x64	2
0x3105	0xe1	2
0x4800	0x81	2
0x4802	0x01	2
0x4030	0x15	2
0x50fc	0x00	2
0x50fd	0x00	2
0x50fe	0x0d	2
0x50ff	0x59	2
0x50e4	0x00	2
0x50e5	0x00	2
0x50e6	0x2f	2
0x50e7	0x03	2
0x50f0	0x00	2
0x50f1	0x00	2
0x50f2	0x00	2
0x50f3	0x32	2
0x50e0	0x00	2
0x50e1	0x00	2
0x50e2	0x00	2
0x50e3	0x00	2
0x5114	0x00	2
0x5115	0x00	2
0x5116	0x00	2
0x5117	0x03	2
0x5114	0x00	2
0x5115	0x00	2
0x5116	0x00	2
0x5117	0x02	2
0x5118	0x00	2
0x5119	0x01	2
0x511a	0x00	2
0x511b	0x44	2
0x5114	0x00	2
0x5115	0x00	2
0x5116	0x00	2
0x5117	0x00	2
0x5118	0x00	2
0x5119	0x00	2
0x511a	0x00	2
0x511b	0x78	2
0x5114	0x00	2
0x5115	0x00	2
0x5116	0x00	2
0x5117	0x02	2
0x5118	0x00	2
0x5119	0x01	2
0x511a	0x00	2
0x511b	0x30	2
0x5114	0x00	2
0x5115	0x00	2
0x5116	0x00	2
0x5117	0x00	2
0x5118	0x00	2
0x5119	0x00	2
0x511a	0x00	2
0x511b	0x03	2
0x5114	0x00	2
0x5115	0x00	2
0x5116	0x00	2
0x5117	0x02	2
0x5118	0x00	2
0x5119	0x01	2
0x511a	0x00	2
0x511b	0x40	2
0x5114	0x00	2
0x5115	0x00	2
0x5116	0x00	2
0x5117	0x00	2
0x5118	0x00	2
0x5119	0x00	2
0x511a	0x00	2
0x511b	0x03	2
0x5114	0x00	2
0x5115	0x00	2
0x5116	0x00	2
0x5117	0x02	2
0x5118	0x00	2
0x5119	0x01	2
0x511a	0x00	2
0x511b	0x50	2
0x5114	0x00	2
0x5115	0x00	2
0x5116	0x00	2
0x5117	0x00	2
0x5118	0x00	2
0x5119	0x00	2
0x511a	0x00	2
0x511b	0x03	2
0x5114	0x00	2
0x5115	0x00	2
0x5116	0x00	2
0x5117	0x02	2
0x5118	0x00	2
0x5119	0x01	2
0x511a	0x00	2
0x511b	0x80	2
0x5114	0x00	2
0x5115	0x00	2
0x5116	0x00	2
0x5117	0x00	2
0x5118	0x00	2
0x5119	0x00	2
0x511a	0x00	2
0x511b	0x03	2
0x5114	0x00	2
0x5115	0x00	2
0x5116	0x00	2
0x5117	0x02	2
0x5118	0x00	2
0x5119	0x01	2
0x511a	0x00	2
0x511b	0x90	2
0x5114	0x00	2
0x5115	0x00	2
0x5116	0x00	2
0x5117	0x00	2
0x5118	0x00	2
0x5119	0x00	2
0x511a	0x00	2
0x511b	0x03	2
0x5114	0x00	2
0x5115	0x00	2
0x5116	0x00	2
0x5117	0x02	2
0x5118	0x00	2
0x5119	0x01	2
0x511a	0x00	2
0x511b	0x20	2
0x5114	0x00	2
0x5115	0x00	2
0x5116	0x00	2
0x5117	0x00	2
0x5118	0x00	2
0x5119	0x00	2
0x511a	0x00	2
0x511b	0x45	2
0x5114	0x00	2
0x5115	0x00	2
0x5116	0x00	2
0x5117	0x02	2
0x50e0	0x00	2
0x50e1	0x00	2
0x50e2	0x00	2
0x50e3	0x04	2
0x50e0	0x00	2
0x50e1	0x00	2
0x50e2	0x00	2
0x50e3	0x05	2
0x50e0	0x00	2
0x50e1	0x00	2
0x50e2	0x00	2
0x50e3	0x07	2
0x50e8	0x00	2
0x50e9	0x00	2
0x50ea	0x00	2
0x50eb	0x01	2
0x4801	0x81	2
0x4031	0x01	2
0x4138	0x1e	2
0x413b	0x1e	2
0x4135	0x1e	2
0x412f	0x1e	2
0x412c	0x1e	2
0x4126	0x1e	2
0x4129	0x1e	2
0x4123	0x1e	2
0x4f00	0x01	2
0xffff	0x00	2
